.PHONY: small
small:
	convert aqua/aqua.png -geometry 128x128 aqua/aqua_small.png
	convert black/black.png -geometry 128x128 black/black_small.png
	convert blue/blue.png -geometry 128x128 blue/blue_small.png
	convert gray/gray.png -geometry 128x128 gray/gray_small.png
	convert green/green.png -geometry 128x128 green/green_small.png
	convert red/red.png -geometry 128x128 red/red_small.png
	convert white/white.png -geometry 128x128 white/white_small.png
	convert yellow/yellow.png -geometry 128x128 yellow/yellow_small.png
